Workbook

Sheet QA_Tests
A1: SUIVI DES TESTS CHATBOT - BIBLE NOTARIALE
A2: Système d'évaluation : Exactitude /3 + Sources /3 + Formulation /3 = TOTAL /9 (Seuil de réussite : ≥6/9)
A3: ID Test | B3: Catégorie | C3: Question | D3: Document Source | E3: Date Test | F3: Réponse Obtenue | G3: Exactitude /3 | H3: Sources /3 | I3: Formulation /3 | J3: TOTAL /9 | K3: Status | L3: Notes | M3: Réponse de Référence
G4: Pertinence + Complétude | H4: Pertinence + Complétude | I4: Clarté + Style + Longueur | K4: ✅ si ≥6, ❌ si <6 | L4: Commentaires libres | M4: Issue du dataset validé
A5: TEST_001 | J5: =SUM(G5:I5) | K5: =IF(J5="","",IF(J5>=6,"✅ Réussi","❌ Échec"))
A6: TEST_002 | J6: =SUM(G6:I6) | K6: =IF(J6="","",IF(J6>=6,"✅ Réussi","❌ Échec"))
A7: TEST_003 | J7: =SUM(G7:I7) | K7: =IF(J7="","",IF(J7>=6,"✅ Réussi","❌ Échec"))
A8: TEST_004 | J8: =SUM(G8:I8) | K8: =IF(J8="","",IF(J8>=6,"✅ Réussi","❌ Échec"))
A9: TEST_005 | J9: =SUM(G9:I9) | K9: =IF(J9="","",IF(J9>=6,"✅ Réussi","❌ Échec"))
A10: TEST_006 | J10: =SUM(G10:I10) | K10: =IF(J10="","",IF(J10>=6,"✅ Réussi","❌ Échec"))
A11: TEST_007 | J11: =SUM(G11:I11) | K11: =IF(J11="","",IF(J11>=6,"✅ Réussi","❌ Échec"))
A12: TEST_008 | J12: =SUM(G12:I12) | K12: =IF(J12="","",IF(J12>=6,"✅ Réussi","❌ Échec"))
A13: TEST_009 | J13: =SUM(G13:I13) | K13: =IF(J13="","",IF(J13>=6,"✅ Réussi","❌ Échec"))
A14: TEST_010 | J14: =SUM(G14:I14) | K14: =IF(J14="","",IF(J14>=6,"✅ Réussi","❌ Échec"))
A15: TEST_011 | J15: =SUM(G15:I15) | K15: =IF(J15="","",IF(J15>=6,"✅ Réussi","❌ Échec"))
A16: TEST_012 | J16: =SUM(G16:I16) | K16: =IF(J16="","",IF(J16>=6,"✅ Réussi","❌ Échec"))
... A24: TEST_020 | J24: =SUM(G24:I24) | K24: =IF(J24="","",IF(J24>=6,"✅ Réussi","❌ Échec"))

Sheet Synthese
A1: 📈 SYNTHÈSE DES TESTS
A3: Métrique | B3: Valeur | C3: Objectif
A4: Total Tests | B4: =COUNTA(QA_Tests!A5:A24) | C4: 20
A5: Tests Exécutés | B5: =COUNTIF(QA_Tests!K5:K24,"✅ Réussi")+COUNTIF(QA_Tests!K5:K24,"❌ Échec") | C5: 20
A6: Réussis (≥6/9) | B6: =COUNTIF(QA_Tests!K5:K24,"✅ Réussi") | C6: ≥16 (80%)
A7: Échecs (<6/9) | B7: =COUNTIF(QA_Tests!K5:K24,"❌ Échec") | C7: ≤4 (20%)
A8: Score Moyen | B8: =AVERAGE(QA_Tests!J5:J24) | C8: ≥6/9
A9: % Réussite | B9: =IF(B5=0,0,B6/B5*100) | C9: ≥80%
A11: Score Moyen Exactitude | B11: =AVERAGE(QA_Tests!G5:G24) | C11: /3
A12: Score Moyen Sources | B12: =AVERAGE(QA_Tests!H5:H24) | C12: /3
A13: Score Moyen Formulation | B13: =AVERAGE(QA_Tests!I5:I24) | C13: /3
A16: DÉCISION FINALE
A17: =IF(B7>=80%,"✅ GO PHASE 2 : Déploiement élargi",IF(B7>=60%,"⚠️ ITÉRATION : Corrections ciblées + re-tests","❌ STOP : Revoir l'architecture"))
